,Fecha,Unidades_pred
0,2012-01-01,0
1,2012-01-02,523
2,2012-01-03,648
3,2012-01-04,801
4,2012-01-05,1019
5,2012-01-06,952
6,2012-01-07,262
7,2012-01-08,0
8,2012-01-09,0
9,2012-01-10,770
10,2012-01-11,895
11,2012-01-12,1025
12,2012-01-13,1000
13,2012-01-14,310
14,2012-01-15,0
15,2012-01-16,768
16,2012-01-17,893
17,2012-01-18,1018
18,2012-01-19,1143
19,2012-01-20,1067
20,2012-01-21,359
21,2012-01-22,0
22,2012-01-23,891
23,2012-01-24,1015
24,2012-01-25,1140
25,2012-01-26,1265
26,2012-01-27,1233
27,2012-01-28,450
28,2012-01-29,0
29,2012-01-30,1013
30,2012-01-31,1138
31,2012-02-01,809
32,2012-02-02,1027
33,2012-02-03,943
34,2012-02-04,253
35,2012-02-05,0
36,2012-02-06,616
37,2012-02-07,741
38,2012-02-08,866
39,2012-02-09,1033
40,2012-02-10,992
41,2012-02-11,302
42,2012-02-12,0
43,2012-02-13,739
44,2012-02-14,864
45,2012-02-15,989
46,2012-02-16,1113
47,2012-02-17,1041
48,2012-02-18,351
49,2012-02-19,0
50,2012-02-20,861
51,2012-02-21,986
52,2012-02-22,1111
53,2012-02-23,1236
54,2012-02-24,1187
55,2012-02-25,404
56,2012-02-26,0
57,2012-02-27,984
58,2012-02-28,1109
59,2012-02-29,1234
60,2012-03-01,1037
61,2012-03-02,948
62,2012-03-03,258
63,2012-03-04,0
64,2012-03-05,622
65,2012-03-06,747
66,2012-03-07,872
67,2012-03-08,1043
68,2012-03-09,997
69,2012-03-10,307
70,2012-03-11,0
71,2012-03-12,745
72,2012-03-13,870
73,2012-03-14,994
74,2012-03-15,1119
75,2012-03-16,1046
76,2012-03-17,356
77,2012-03-18,0
78,2012-03-19,0
79,2012-03-20,992
80,2012-03-21,1117
81,2012-03-22,1242
82,2012-03-23,1188
83,2012-03-24,405
84,2012-03-25,0
85,2012-03-26,990
86,2012-03-27,1115
87,2012-03-28,1239
88,2012-03-29,1364
89,2012-03-30,1353
90,2012-03-31,570
91,2012-04-01,0
92,2012-04-02,593
93,2012-04-03,718
94,2012-04-04,843
95,2012-04-05,0
96,2012-04-06,0
97,2012-04-07,298
98,2012-04-08,0
99,2012-04-09,716
100,2012-04-10,840
101,2012-04-11,965
102,2012-04-12,1090
103,2012-04-13,1037
104,2012-04-14,347
105,2012-04-15,0
106,2012-04-16,838
107,2012-04-17,963
108,2012-04-18,1088
109,2012-04-19,1213
110,2012-04-20,1142
111,2012-04-21,396
112,2012-04-22,0
113,2012-04-23,961
114,2012-04-24,1085
115,2012-04-25,1210
116,2012-04-26,1335
117,2012-04-27,1307
118,2012-04-28,524
119,2012-04-29,0
120,2012-04-30,1083
121,2012-05-01,0
122,2012-05-02,843
123,2012-05-03,1061
124,2012-05-04,987
125,2012-05-05,297
126,2012-05-06,0
127,2012-05-07,704
128,2012-05-08,829
129,2012-05-09,954
130,2012-05-10,1078
131,2012-05-11,1036
132,2012-05-12,346
133,2012-05-13,0
134,2012-05-14,827
135,2012-05-15,951
136,2012-05-16,1076
137,2012-05-17,1201
138,2012-05-18,1119
139,2012-05-19,394
140,2012-05-20,0
141,2012-05-21,0
142,2012-05-22,1074
143,2012-05-23,1199
144,2012-05-24,1323
145,2012-05-25,1284
146,2012-05-26,502
147,2012-05-27,0
148,2012-05-28,1072
149,2012-05-29,1196
150,2012-05-30,1321
151,2012-05-31,1446
152,2012-06-01,978
153,2012-06-02,288
154,2012-06-03,0
155,2012-06-04,675
156,2012-06-05,800
157,2012-06-06,925
158,2012-06-07,1075
159,2012-06-08,1027
160,2012-06-09,337
161,2012-06-10,0
162,2012-06-11,0
163,2012-06-12,922
164,2012-06-13,1047
165,2012-06-14,1172
166,2012-06-15,1076
167,2012-06-16,386
168,2012-06-17,0
169,2012-06-18,0
170,2012-06-19,1045
171,2012-06-20,1170
172,2012-06-21,1294
173,2012-06-22,1238
174,2012-06-23,456
175,2012-06-24,0
176,2012-06-25,1042
177,2012-06-26,1167
178,2012-06-27,1292
179,2012-06-28,1417
180,2012-06-29,1404
181,2012-06-30,621
182,2012-07-01,0
183,2012-07-02,0
184,2012-07-03,788
185,2012-07-04,913
186,2012-07-05,1084
187,2012-07-06,1025
188,2012-07-07,335
189,2012-07-08,0
190,2012-07-09,786
191,2012-07-10,911
192,2012-07-11,1035
193,2012-07-12,1160
194,2012-07-13,1074
195,2012-07-14,384
196,2012-07-15,0
197,2012-07-16,908
198,2012-07-17,1033
199,2012-07-18,1158
200,2012-07-19,1283
201,2012-07-20,0
202,2012-07-21,433
203,2012-07-22,0
204,2012-07-23,1031
205,2012-07-24,1156
206,2012-07-25,1280
207,2012-07-26,1405
208,2012-07-27,1381
209,2012-07-28,598
210,2012-07-29,0
211,2012-07-30,1153
212,2012-07-31,1278
213,2012-08-01,884
214,2012-08-02,1093
215,2012-08-03,1017
216,2012-08-04,327
217,2012-08-05,0
218,2012-08-06,757
219,2012-08-07,0
220,2012-08-08,1006
221,2012-08-09,1131
222,2012-08-10,1066
223,2012-08-11,376
224,2012-08-12,0
225,2012-08-13,879
226,2012-08-14,1004
227,2012-08-15,1129
228,2012-08-16,1254
229,2012-08-17,1170
230,2012-08-18,424
231,2012-08-19,0
232,2012-08-20,0
233,2012-08-21,1126
234,2012-08-22,1251
235,2012-08-23,1376
236,2012-08-24,1335
237,2012-08-25,552
238,2012-08-26,0
239,2012-08-27,1124
240,2012-08-28,1249
241,2012-08-29,1374
242,2012-08-30,1499
243,2012-08-31,1500
244,2012-09-01,318
245,2012-09-02,0
246,2012-09-03,727
247,2012-09-04,852
248,2012-09-05,977
249,2012-09-06,1107
250,2012-09-07,1057
251,2012-09-08,367
252,2012-09-09,0
253,2012-09-10,850
254,2012-09-11,975
255,2012-09-12,1100
256,2012-09-13,1224
257,2012-09-14,1124
258,2012-09-15,416
259,2012-09-16,0
260,2012-09-17,972
261,2012-09-18,1097
262,2012-09-19,1222
263,2012-09-20,1347
264,2012-09-21,1289
265,2012-09-22,506
266,2012-09-23,0
267,2012-09-24,1095
268,2012-09-25,1220
269,2012-09-26,1345
270,2012-09-27,1469
271,2012-09-28,1454
272,2012-09-29,671
273,2012-09-30,0
274,2012-10-01,716
275,2012-10-02,841
276,2012-10-03,965
277,2012-10-04,1116
278,2012-10-05,1055
279,2012-10-06,365
280,2012-10-07,0
281,2012-10-08,838
282,2012-10-09,963
283,2012-10-10,1088
284,2012-10-11,1213
285,2012-10-12,1104
286,2012-10-13,414
287,2012-10-14,0
288,2012-10-15,0
289,2012-10-16,1086
290,2012-10-17,1210
291,2012-10-18,1335
292,2012-10-19,1267
293,2012-10-20,484
294,2012-10-21,0
295,2012-10-22,1083
296,2012-10-23,1208
297,2012-10-24,1333
298,2012-10-25,1458
299,2012-10-26,1432
300,2012-10-27,649
301,2012-10-28,0
302,2012-10-29,1206
303,2012-10-30,1331
304,2012-10-31,1455
305,2012-11-01,1124
306,2012-11-02,1047
307,2012-11-03,357
308,2012-11-04,0
309,2012-11-05,0
310,2012-11-06,934
311,2012-11-07,1059
312,2012-11-08,1184
313,2012-11-09,1095
314,2012-11-10,405
315,2012-11-11,0
316,2012-11-12,0
317,2012-11-13,1057
318,2012-11-14,1181
319,2012-11-15,1306
320,2012-11-16,1221
321,2012-11-17,454
322,2012-11-18,0
323,2012-11-19,1054
324,2012-11-20,1179
325,2012-11-21,1304
326,2012-11-22,1429
327,2012-11-23,1386
328,2012-11-24,603
329,2012-11-25,0
330,2012-11-26,1177
331,2012-11-27,1302
332,2012-11-28,1426
333,2012-11-29,1551
334,2012-11-30,1551
335,2012-12-01,355
336,2012-12-02,0
337,2012-12-03,798
338,2012-12-04,922
339,2012-12-05,1047
340,2012-12-06,1172
341,2012-12-07,1094
342,2012-12-08,0
343,2012-12-09,0
344,2012-12-10,920
345,2012-12-11,1045
346,2012-12-12,1170
347,2012-12-13,1295
348,2012-12-14,1198
349,2012-12-15,453
350,2012-12-16,0
351,2012-12-17,1043
352,2012-12-18,1167
353,2012-12-19,1292
354,2012-12-20,1417
355,2012-12-21,1363
356,2012-12-22,580
357,2012-12-23,0
358,2012-12-24,1165
359,2012-12-25,0
360,2012-12-26,1415
361,2012-12-27,1540
362,2012-12-28,1529
363,2012-12-29,746
364,2012-12-30,0
365,2012-12-31,1288
366,2013-01-01,0
367,2013-01-02,799
368,2013-01-03,1017
369,2013-01-04,938
370,2013-01-05,248
371,2013-01-06,0
372,2013-01-07,0
373,2013-01-08,735
374,2013-01-09,860
375,2013-01-10,1023
376,2013-01-11,986
377,2013-01-12,296
378,2013-01-13,0
379,2013-01-14,733
380,2013-01-15,858
381,2013-01-16,983
382,2013-01-17,1108
383,2013-01-18,1035
384,2013-01-19,345
385,2013-01-20,0
386,2013-01-21,856
387,2013-01-22,980
388,2013-01-23,1105
389,2013-01-24,1230
390,2013-01-25,1185
391,2013-01-26,403
392,2013-01-27,0
393,2013-01-28,978
394,2013-01-29,1103
395,2013-01-30,1228
396,2013-01-31,1353
397,2013-02-01,929
398,2013-02-02,239
399,2013-02-03,0
400,2013-02-04,581
401,2013-02-05,706
402,2013-02-06,831
403,2013-02-07,1032
404,2013-02-08,978
405,2013-02-09,288
406,2013-02-10,0
407,2013-02-11,704
408,2013-02-12,829
409,2013-02-13,954
410,2013-02-14,1078
411,2013-02-15,1027
412,2013-02-16,337
413,2013-02-17,0
414,2013-02-18,826
415,2013-02-19,951
416,2013-02-20,1076
417,2013-02-21,1201
418,2013-02-22,1139
419,2013-02-23,386
420,2013-02-24,0
421,2013-02-25,949
422,2013-02-26,1074
423,2013-02-27,1199
424,2013-02-28,1323
425,2013-03-01,941
426,2013-03-02,251
427,2013-03-03,0
428,2013-03-04,605
429,2013-03-05,730
430,2013-03-06,854
431,2013-03-07,1042
432,2013-03-08,990
433,2013-03-09,300
434,2013-03-10,0
435,2013-03-11,727
436,2013-03-12,852
437,2013-03-13,977
438,2013-03-14,1102
439,2013-03-15,1039
440,2013-03-16,349
441,2013-03-17,0
442,2013-03-18,850
443,2013-03-19,975
444,2013-03-20,1099
445,2013-03-21,1224
446,2013-03-22,1164
447,2013-03-23,398
448,2013-03-24,0
449,2013-03-25,0
450,2013-03-26,1097
451,2013-03-27,1222
452,2013-03-28,0
453,2013-03-29,0
454,2013-03-30,546
455,2013-03-31,0
456,2013-04-01,576
457,2013-04-02,700
458,2013-04-03,833
459,2013-04-04,1051
460,2013-04-05,981
461,2013-04-06,292
462,2013-04-07,0
463,2013-04-08,698
464,2013-04-09,823
465,2013-04-10,948
466,2013-04-11,1073
467,2013-04-12,1030
468,2013-04-13,340
469,2013-04-14,0
470,2013-04-15,821
471,2013-04-16,945
472,2013-04-17,1070
473,2013-04-18,1195
474,2013-04-19,1118
475,2013-04-20,389
476,2013-04-21,0
477,2013-04-22,943
478,2013-04-23,1068
479,2013-04-24,1193
480,2013-04-25,1318
481,2013-04-26,1283
482,2013-04-27,500
483,2013-04-28,0
484,2013-04-29,1066
485,2013-04-30,1190
486,2013-05-01,0
487,2013-05-02,1060
488,2013-05-03,980
489,2013-05-04,290
490,2013-05-05,0
491,2013-05-06,686
492,2013-05-07,811
493,2013-05-08,936
494,2013-05-09,1066
495,2013-05-10,1029
496,2013-05-11,339
497,2013-05-12,0
498,2013-05-13,0
499,2013-05-14,934
500,2013-05-15,1059
501,2013-05-16,1183
502,2013-05-17,1096
503,2013-05-18,388
504,2013-05-19,0
505,2013-05-20,932
506,2013-05-21,1056
507,2013-05-22,1181
508,2013-05-23,1306
509,2013-05-24,1261
510,2013-05-25,478
511,2013-05-26,0
512,2013-05-27,1054
513,2013-05-28,1179
514,2013-05-29,1304
515,2013-05-30,1428
516,2013-05-31,1426
517,2013-06-01,281
518,2013-06-02,0
519,2013-06-03,0
520,2013-06-04,782
521,2013-06-05,907
522,2013-06-06,1074
523,2013-06-07,1020
524,2013-06-08,330
525,2013-06-09,0
526,2013-06-10,0
527,2013-06-11,905
528,2013-06-12,1030
529,2013-06-13,1154
530,2013-06-14,1069
531,2013-06-15,379
532,2013-06-16,0
533,2013-06-17,902
534,2013-06-18,1027
535,2013-06-19,1152
536,2013-06-20,1277
537,2013-06-21,1215
538,2013-06-22,432
539,2013-06-23,0
540,2013-06-24,1025
541,2013-06-25,1150
542,2013-06-26,1275
543,2013-06-27,1399
544,2013-06-28,1380
545,2013-06-29,597
546,2013-06-30,0
547,2013-07-01,0
548,2013-07-02,771
549,2013-07-03,895
550,2013-07-04,1083
551,2013-07-05,1018
552,2013-07-06,328
553,2013-07-07,0
554,2013-07-08,768
555,2013-07-09,893
556,2013-07-10,1018
557,2013-07-11,1143
558,2013-07-12,1067
559,2013-07-13,377
560,2013-07-14,0
561,2013-07-15,891
562,2013-07-16,1016
563,2013-07-17,1140
564,2013-07-18,1265
565,2013-07-19,1192
566,2013-07-20,0
567,2013-07-21,0
568,2013-07-22,1013
569,2013-07-23,1138
570,2013-07-24,1263
571,2013-07-25,1388
572,2013-07-26,1358
573,2013-07-27,575
574,2013-07-28,0
575,2013-07-29,1136
576,2013-07-30,1261
577,2013-07-31,1385
578,2013-08-01,1092
579,2013-08-02,1010
580,2013-08-03,320
581,2013-08-04,0
582,2013-08-05,739
583,2013-08-06,864
584,2013-08-07,989
585,2013-08-08,1114
586,2013-08-09,1059
587,2013-08-10,369
588,2013-08-11,0
589,2013-08-12,862
590,2013-08-13,986
591,2013-08-14,1111
592,2013-08-15,1236
593,2013-08-16,1146
594,2013-08-17,0
595,2013-08-18,0
596,2013-08-19,0
597,2013-08-20,1109
598,2013-08-21,1234
599,2013-08-22,1359
600,2013-08-23,1312
601,2013-08-24,529
602,2013-08-25,0
603,2013-08-26,1107
604,2013-08-27,1231
605,2013-08-28,1356
606,2013-08-29,1481
607,2013-08-30,1477
608,2013-08-31,694
609,2013-09-01,0
610,2013-09-02,710
611,2013-09-03,835
612,2013-09-04,960
613,2013-09-05,1106
614,2013-09-06,1050
615,2013-09-07,360
616,2013-09-08,0
617,2013-09-09,832
618,2013-09-10,957
619,2013-09-11,1082
620,2013-09-12,1207
621,2013-09-13,1100
622,2013-09-14,409
623,2013-09-15,0
624,2013-09-16,955
625,2013-09-17,1080
626,2013-09-18,1205
627,2013-09-19,1329
628,2013-09-20,1266
629,2013-09-21,483
630,2013-09-22,0
631,2013-09-23,1077
632,2013-09-24,1202
633,2013-09-25,1327
634,2013-09-26,1452
635,2013-09-27,1431
636,2013-09-28,648
637,2013-09-29,0
638,2013-09-30,1200
639,2013-10-01,823
640,2013-10-02,948
641,2013-10-03,1115
642,2013-10-04,1048
643,2013-10-05,358
644,2013-10-06,0
645,2013-10-07,821
646,2013-10-08,946
647,2013-10-09,1070
648,2013-10-10,1195
649,2013-10-11,1097
650,2013-10-12,407
651,2013-10-13,0
652,2013-10-14,0
653,2013-10-15,1068
654,2013-10-16,1193
655,2013-10-17,1318
656,2013-10-18,1243
657,2013-10-19,460
658,2013-10-20,0
659,2013-10-21,1066
660,2013-10-22,1191
661,2013-10-23,1315
662,2013-10-24,1440
663,2013-10-25,1408
664,2013-10-26,625
665,2013-10-27,0
666,2013-10-28,1188
667,2013-10-29,1313
668,2013-10-30,1438
669,2013-10-31,1563
670,2013-11-01,1040
671,2013-11-02,350
672,2013-11-03,0
673,2013-11-04,0
674,2013-11-05,917
675,2013-11-06,1041
676,2013-11-07,1166
677,2013-11-08,1088
678,2013-11-09,399
679,2013-11-10,0
680,2013-11-11,0
681,2013-11-12,1039
682,2013-11-13,1164
683,2013-11-14,1289
684,2013-11-15,1197
685,2013-11-16,447
686,2013-11-17,0
687,2013-11-18,1037
688,2013-11-19,1162
689,2013-11-20,1286
690,2013-11-21,1411
691,2013-11-22,1362
692,2013-11-23,579
693,2013-11-24,0
694,2013-11-25,1159
695,2013-11-26,1284
696,2013-11-27,1409
697,2013-11-28,1534
698,2013-11-29,1527
699,2013-11-30,744
700,2013-12-01,0
701,2013-12-02,780
702,2013-12-03,905
703,2013-12-04,1030
704,2013-12-05,1155
705,2013-12-06,1087
706,2013-12-07,397
707,2013-12-08,0
708,2013-12-09,903
709,2013-12-10,1027
710,2013-12-11,1152
711,2013-12-12,1277
712,2013-12-13,1175
713,2013-12-14,446
714,2013-12-15,0
715,2013-12-16,1025
716,2013-12-17,1150
717,2013-12-18,1275
718,2013-12-19,1400
719,2013-12-20,1340
720,2013-12-21,557
721,2013-12-22,0
722,2013-12-23,1148
723,2013-12-24,1272
724,2013-12-25,0
725,2013-12-26,1522
726,2013-12-27,1505
727,2013-12-28,722
728,2013-12-29,0
729,2013-12-30,1270
730,2013-12-31,1395
731,2014-01-01,0
732,2014-01-02,1016
733,2014-01-03,931
734,2014-01-04,241
735,2014-01-05,0
736,2014-01-06,0
737,2014-01-07,718
738,2014-01-08,843
739,2014-01-09,1022
740,2014-01-10,979
741,2014-01-11,290
742,2014-01-12,0
743,2014-01-13,716
744,2014-01-14,840
745,2014-01-15,965
746,2014-01-16,1090
747,2014-01-17,1028
748,2014-01-18,338
749,2014-01-19,0
750,2014-01-20,838
751,2014-01-21,963
752,2014-01-22,1088
753,2014-01-23,1213
754,2014-01-24,1162
755,2014-01-25,387
756,2014-01-26,0
757,2014-01-27,961
758,2014-01-28,1085
759,2014-01-29,1210
760,2014-01-30,1335
761,2014-01-31,1327
762,2014-02-01,232
763,2014-02-02,0
764,2014-02-03,564
765,2014-02-04,689
766,2014-02-05,814
767,2014-02-06,1031
768,2014-02-07,971
769,2014-02-08,281
770,2014-02-09,0
771,2014-02-10,686
772,2014-02-11,811
773,2014-02-12,936
774,2014-02-13,1061
775,2014-02-14,1020
776,2014-02-15,330
777,2014-02-16,0
778,2014-02-17,809
779,2014-02-18,934
780,2014-02-19,1059
781,2014-02-20,1183
782,2014-02-21,1116
783,2014-02-22,379
784,2014-02-23,0
785,2014-02-24,931
786,2014-02-25,1056
787,2014-02-26,1181
788,2014-02-27,1306
789,2014-02-28,1281
790,2014-03-01,244
791,2014-03-02,0
792,2014-03-03,587
793,2014-03-04,712
794,2014-03-05,837
795,2014-03-06,1042
796,2014-03-07,983
797,2014-03-08,293
798,2014-03-09,0
799,2014-03-10,710
800,2014-03-11,835
801,2014-03-12,959
802,2014-03-13,1084
803,2014-03-14,1032
804,2014-03-15,342
805,2014-03-16,0
806,2014-03-17,832
807,2014-03-18,957
808,2014-03-19,1082
809,2014-03-20,1207
810,2014-03-21,1141
811,2014-03-22,391
812,2014-03-23,0
813,2014-03-24,0
814,2014-03-25,1080
815,2014-03-26,1204
816,2014-03-27,1329
817,2014-03-28,1306
818,2014-03-29,523
819,2014-03-30,0
820,2014-03-31,1077
821,2014-04-01,683
822,2014-04-02,832
823,2014-04-03,1050
824,2014-04-04,974
825,2014-04-05,285
826,2014-04-06,0
827,2014-04-07,681
828,2014-04-08,805
829,2014-04-09,930
830,2014-04-10,1056
831,2014-04-11,1023
832,2014-04-12,333
833,2014-04-13,0
834,2014-04-14,803
835,2014-04-15,928
836,2014-04-16,1053
837,2014-04-17,0
838,2014-04-18,0
839,2014-04-19,382
840,2014-04-20,0
841,2014-04-21,926
842,2014-04-22,1050
843,2014-04-23,1175
844,2014-04-24,1300
845,2014-04-25,1260
846,2014-04-26,477
847,2014-04-27,0
848,2014-04-28,1048
849,2014-04-29,1173
850,2014-04-30,1298
851,2014-05-01,0
852,2014-05-02,973
853,2014-05-03,283
854,2014-05-04,0
855,2014-05-05,669
856,2014-05-06,794
857,2014-05-07,919
858,2014-05-08,1065
859,2014-05-09,1022
860,2014-05-10,332
861,2014-05-11,0
862,2014-05-12,792
863,2014-05-13,916
864,2014-05-14,1041
865,2014-05-15,1166
866,2014-05-16,1072
867,2014-05-17,381
868,2014-05-18,0
869,2014-05-19,914
870,2014-05-20,1039
871,2014-05-21,1164
872,2014-05-22,1288
873,2014-05-23,1237
874,2014-05-24,454
875,2014-05-25,0
876,2014-05-26,1037
877,2014-05-27,1161
878,2014-05-28,1286
879,2014-05-29,1411
880,2014-05-30,1402
881,2014-05-31,620
882,2014-06-01,0
883,2014-06-02,0
884,2014-06-03,765
885,2014-06-04,890
886,2014-06-05,1073
887,2014-06-06,1013
888,2014-06-07,323
889,2014-06-08,0
890,2014-06-09,762
891,2014-06-10,887
892,2014-06-11,1012
893,2014-06-12,1137
894,2014-06-13,1062
895,2014-06-14,372
896,2014-06-15,0
897,2014-06-16,885
898,2014-06-17,1010
899,2014-06-18,1135
900,2014-06-19,1259
901,2014-06-20,1191
902,2014-06-21,421
903,2014-06-22,0
904,2014-06-23,0
905,2014-06-24,1132
906,2014-06-25,1257
907,2014-06-26,1382
908,2014-06-27,1356
909,2014-06-28,573
910,2014-06-29,0
911,2014-06-30,0
912,2014-07-01,753
913,2014-07-02,878
914,2014-07-03,1083
915,2014-07-04,1011
916,2014-07-05,321
917,2014-07-06,0
918,2014-07-07,751
919,2014-07-08,876
920,2014-07-09,1000
921,2014-07-10,1125
922,2014-07-11,1060
923,2014-07-12,370
924,2014-07-13,0
925,2014-07-14,873
926,2014-07-15,998
927,2014-07-16,1123
928,2014-07-17,1248
929,2014-07-18,1169
930,2014-07-19,419
931,2014-07-20,0
932,2014-07-21,996
933,2014-07-22,1121
934,2014-07-23,1245
935,2014-07-24,1370
936,2014-07-25,1334
937,2014-07-26,551
938,2014-07-27,0
939,2014-07-28,1118
940,2014-07-29,1243
941,2014-07-30,1368
942,2014-07-31,1493
943,2014-08-01,1003
944,2014-08-02,313
945,2014-08-03,0
946,2014-08-04,722
947,2014-08-05,846
948,2014-08-06,971
949,2014-08-07,0
950,2014-08-08,1052
951,2014-08-09,362
952,2014-08-10,0
953,2014-08-11,844
954,2014-08-12,969
955,2014-08-13,1094
956,2014-08-14,1219
957,2014-08-15,1123
958,2014-08-16,410
959,2014-08-17,0
960,2014-08-18,0
961,2014-08-19,1091
962,2014-08-20,1216
963,2014-08-21,1341
964,2014-08-22,1288
965,2014-08-23,505
966,2014-08-24,0
967,2014-08-25,1089
968,2014-08-26,1214
969,2014-08-27,1339
970,2014-08-28,1464
971,2014-08-29,1453
972,2014-08-30,670
973,2014-08-31,0
974,2014-09-01,692
975,2014-09-02,817
976,2014-09-03,942
977,2014-09-04,1105
978,2014-09-05,1043
979,2014-09-06,353
980,2014-09-07,0
981,2014-09-08,815
982,2014-09-09,940
983,2014-09-10,1065
984,2014-09-11,1189
985,2014-09-12,1092
986,2014-09-13,402
987,2014-09-14,0
988,2014-09-15,937
989,2014-09-16,1062
990,2014-09-17,1187
991,2014-09-18,1312
992,2014-09-19,1242
993,2014-09-20,459
994,2014-09-21,0
995,2014-09-22,1060
996,2014-09-23,1185
997,2014-09-24,1310
998,2014-09-25,1434
999,2014-09-26,1407
1000,2014-09-27,624
1001,2014-09-28,0
1002,2014-09-29,1182
1003,2014-09-30,1307
1004,2014-10-01,930
1005,2014-10-02,1114
1006,2014-10-03,1041
1007,2014-10-04,351
1008,2014-10-05,0
1009,2014-10-06,803
1010,2014-10-07,928
1011,2014-10-08,1053
1012,2014-10-09,1178
1013,2014-10-10,1090
1014,2014-10-11,400
1015,2014-10-12,0
1016,2014-10-13,0
1017,2014-10-14,1051
1018,2014-10-15,1175
1019,2014-10-16,1300
1020,2014-10-17,1219
1021,2014-10-18,449
1022,2014-10-19,0
1023,2014-10-20,1048
1024,2014-10-21,1173
1025,2014-10-22,1298
1026,2014-10-23,1423
1027,2014-10-24,1385
1028,2014-10-25,602
1029,2014-10-26,0
1030,2014-10-27,1171
1031,2014-10-28,1296
1032,2014-10-29,1420
1033,2014-10-30,1545
1034,2014-10-31,1550
1035,2014-11-01,343
1036,2014-11-02,0
1037,2014-11-03,0
1038,2014-11-04,899
1039,2014-11-05,1024
1040,2014-11-06,1149
1041,2014-11-07,1081
1042,2014-11-08,392
1043,2014-11-09,0
1044,2014-11-10,897
1045,2014-11-11,1022
1046,2014-11-12,1146
1047,2014-11-13,1271
1048,2014-11-14,1173
1049,2014-11-15,440
1050,2014-11-16,0
1051,2014-11-17,0
1052,2014-11-18,1144
1053,2014-11-19,1269
1054,2014-11-20,1394
1055,2014-11-21,1339
1056,2014-11-22,556
1057,2014-11-23,0
1058,2014-11-24,1142
1059,2014-11-25,1267
1060,2014-11-26,1391
1061,2014-11-27,1516
1062,2014-11-28,1504
1063,2014-11-29,721
1064,2014-11-30,0
1065,2014-12-01,763
1066,2014-12-02,887
1067,2014-12-03,1012
1068,2014-12-04,1138
1069,2014-12-05,1080
1070,2014-12-06,390
1071,2014-12-07,0
1072,2014-12-08,0
1073,2014-12-09,1010
1074,2014-12-10,1135
1075,2014-12-11,1260
1076,2014-12-12,1151
1077,2014-12-13,439
1078,2014-12-14,0
1079,2014-12-15,1008
1080,2014-12-16,1132
1081,2014-12-17,1257
1082,2014-12-18,1382
1083,2014-12-19,1316
1084,2014-12-20,533
1085,2014-12-21,0
1086,2014-12-22,1130
1087,2014-12-23,1255
1088,2014-12-24,1380
1089,2014-12-25,0
1090,2014-12-26,1481
1091,2014-12-27,698
1092,2014-12-28,0
1093,2014-12-29,1253
1094,2014-12-30,1377
1095,2014-12-31,1502
1096,2015-01-01,0
1097,2015-01-02,924
1098,2015-01-03,234
1099,2015-01-04,0
1100,2015-01-05,576
1101,2015-01-06,700
1102,2015-01-07,825
1103,2015-01-08,1022
1104,2015-01-09,972
1105,2015-01-10,283
1106,2015-01-11,0
1107,2015-01-12,0
1108,2015-01-13,823
1109,2015-01-14,948
1110,2015-01-15,1073
1111,2015-01-16,1021
1112,2015-01-17,331
1113,2015-01-18,0
1114,2015-01-19,821
1115,2015-01-20,945
1116,2015-01-21,1070
1117,2015-01-22,1195
1118,2015-01-23,1138
1119,2015-01-24,380
1120,2015-01-25,0
1121,2015-01-26,943
1122,2015-01-27,1068
1123,2015-01-28,1193
1124,2015-01-29,1318
1125,2015-01-30,1303
1126,2015-01-31,521
1127,2015-02-01,0
1128,2015-02-02,546
1129,2015-02-03,671
1130,2015-02-04,812
1131,2015-02-05,1030
1132,2015-02-06,964
1133,2015-02-07,274
1134,2015-02-08,0
1135,2015-02-09,669
1136,2015-02-10,794
1137,2015-02-11,919
1138,2015-02-12,1043
1139,2015-02-13,1013
1140,2015-02-14,323
1141,2015-02-15,0
1142,2015-02-16,791
1143,2015-02-17,916
1144,2015-02-18,1041
1145,2015-02-19,1166
1146,2015-02-20,1092
1147,2015-02-21,372
1148,2015-02-22,0
1149,2015-02-23,914
1150,2015-02-24,1039
1151,2015-02-25,1164
1152,2015-02-26,1288
1153,2015-02-27,1257
1154,2015-02-28,474
1155,2015-03-01,0
1156,2015-03-02,570
1157,2015-03-03,695
1158,2015-03-04,823
1159,2015-03-05,1041
1160,2015-03-06,976
1161,2015-03-07,286
1162,2015-03-08,0
1163,2015-03-09,692
1164,2015-03-10,817
1165,2015-03-11,942
1166,2015-03-12,1067
1167,2015-03-13,1025
1168,2015-03-14,335
1169,2015-03-15,0
1170,2015-03-16,815
1171,2015-03-17,940
1172,2015-03-18,1064
1173,2015-03-19,1189
1174,2015-03-20,1117
1175,2015-03-21,384
1176,2015-03-22,0
1177,2015-03-23,0
1178,2015-03-24,1062
1179,2015-03-25,1187
1180,2015-03-26,1312
1181,2015-03-27,1282
1182,2015-03-28,499
1183,2015-03-29,0
1184,2015-03-30,1060
1185,2015-03-31,1185
1186,2015-04-01,831
1187,2015-04-02,0
1188,2015-04-03,0
1189,2015-04-04,278
1190,2015-04-05,0
1191,2015-04-06,663
1192,2015-04-07,788
1193,2015-04-08,913
1194,2015-04-09,1055
1195,2015-04-10,1016
1196,2015-04-11,326
1197,2015-04-12,0
1198,2015-04-13,786
1199,2015-04-14,910
1200,2015-04-15,1035
1201,2015-04-16,1160
1202,2015-04-17,1071
1203,2015-04-18,375
1204,2015-04-19,0
1205,2015-04-20,908
1206,2015-04-21,1033
1207,2015-04-22,1158
1208,2015-04-23,1283
1209,2015-04-24,1236
1210,2015-04-25,453
1211,2015-04-26,0
1212,2015-04-27,1031
1213,2015-04-28,1155
1214,2015-04-29,1280
1215,2015-04-30,1405
1216,2015-05-01,0
1217,2015-05-02,276
1218,2015-05-03,0
1219,2015-05-04,651
1220,2015-05-05,776
1221,2015-05-06,901
1222,2015-05-07,1064
1223,2015-05-08,1015
1224,2015-05-09,325
1225,2015-05-10,0
1226,2015-05-11,774
1227,2015-05-12,899
1228,2015-05-13,1024
1229,2015-05-14,1148
1230,2015-05-15,1064
1231,2015-05-16,374
1232,2015-05-17,0
1233,2015-05-18,0
1234,2015-05-19,1021
1235,2015-05-20,1146
1236,2015-05-21,1271
1237,2015-05-22,1214
1238,2015-05-23,431
1239,2015-05-24,0
1240,2015-05-25,1019
1241,2015-05-26,1144
1242,2015-05-27,1269
1243,2015-05-28,1393
1244,2015-05-29,1379
1245,2015-05-30,596
1246,2015-05-31,0
1247,2015-06-01,622
1248,2015-06-02,747
1249,2015-06-03,872
1250,2015-06-04,1073
1251,2015-06-05,1006
1252,2015-06-06,316
1253,2015-06-07,0
1254,2015-06-08,0
1255,2015-06-09,870
1256,2015-06-10,995
1257,2015-06-11,1119
1258,2015-06-12,1055
1259,2015-06-13,365
1260,2015-06-14,0
1261,2015-06-15,0
1262,2015-06-16,992
1263,2015-06-17,1117
1264,2015-06-18,1242
1265,2015-06-19,1168
1266,2015-06-20,414
1267,2015-06-21,0
1268,2015-06-22,990
1269,2015-06-23,1115
1270,2015-06-24,1240
1271,2015-06-25,1364
1272,2015-06-26,1333
1273,2015-06-27,550
1274,2015-06-28,0
1275,2015-06-29,0
1276,2015-06-30,1237
1277,2015-07-01,864
1278,2015-07-02,1082
1279,2015-07-03,1004
1280,2015-07-04,314
1281,2015-07-05,0
1282,2015-07-06,733
1283,2015-07-07,858
1284,2015-07-08,983
1285,2015-07-09,1108
1286,2015-07-10,1053
1287,2015-07-11,363
1288,2015-07-12,0
1289,2015-07-13,856
1290,2015-07-14,981
1291,2015-07-15,1105
1292,2015-07-16,1230
1293,2015-07-17,1145
1294,2015-07-18,412
1295,2015-07-19,0
1296,2015-07-20,0
1297,2015-07-21,1103
1298,2015-07-22,1228
1299,2015-07-23,1353
1300,2015-07-24,1310
1301,2015-07-25,527
1302,2015-07-26,0
1303,2015-07-27,1101
1304,2015-07-28,1226
1305,2015-07-29,1350
1306,2015-07-30,1475
1307,2015-07-31,1476
1308,2015-08-01,306
1309,2015-08-02,0
1310,2015-08-03,704
1311,2015-08-04,829
1312,2015-08-05,954
1313,2015-08-06,1096
1314,2015-08-07,0
1315,2015-08-08,355
1316,2015-08-09,0
1317,2015-08-10,827
1318,2015-08-11,951
1319,2015-08-12,1076
1320,2015-08-13,1201
1321,2015-08-14,1099
1322,2015-08-15,403
1323,2015-08-16,0
1324,2015-08-17,0
1325,2015-08-18,1074
1326,2015-08-19,1199
1327,2015-08-20,1324
1328,2015-08-21,1264
1329,2015-08-22,481
1330,2015-08-23,0
1331,2015-08-24,1072
1332,2015-08-25,1196
1333,2015-08-26,1321
1334,2015-08-27,1446
1335,2015-08-28,1430
1336,2015-08-29,647
1337,2015-08-30,0
1338,2015-08-31,1194
1339,2015-09-01,800
1340,2015-09-02,925
1341,2015-09-03,1104
1342,2015-09-04,1036
1343,2015-09-05,346
1344,2015-09-06,0
1345,2015-09-07,797
1346,2015-09-08,922
1347,2015-09-09,1047
1348,2015-09-10,1172
1349,2015-09-11,1085
1350,2015-09-12,395
1351,2015-09-13,0
1352,2015-09-14,920
1353,2015-09-15,1045
1354,2015-09-16,1170
1355,2015-09-17,1294
1356,2015-09-18,1218
1357,2015-09-19,444
1358,2015-09-20,0
1359,2015-09-21,1042
1360,2015-09-22,1167
1361,2015-09-23,1292
1362,2015-09-24,1417
1363,2015-09-25,1384
1364,2015-09-26,601
1365,2015-09-27,0
1366,2015-09-28,1165
1367,2015-09-29,1290
1368,2015-09-30,1415
1369,2015-10-01,1114
1370,2015-10-02,1034
1371,2015-10-03,344
1372,2015-10-04,0
1373,2015-10-05,786
1374,2015-10-06,911
1375,2015-10-07,1035
1376,2015-10-08,1160
1377,2015-10-09,1083
1378,2015-10-10,393
1379,2015-10-11,0
1380,2015-10-12,0
1381,2015-10-13,1033
1382,2015-10-14,1158
1383,2015-10-15,1283
1384,2015-10-16,1196
1385,2015-10-17,442
1386,2015-10-18,0
1387,2015-10-19,1031
1388,2015-10-20,1156
1389,2015-10-21,1280
1390,2015-10-22,1405
1391,2015-10-23,1361
1392,2015-10-24,578
1393,2015-10-25,0
1394,2015-10-26,1153
1395,2015-10-27,1278
1396,2015-10-28,1403
1397,2015-10-29,1528
1398,2015-10-30,1526
1399,2015-10-31,743
1400,2015-11-01,0
1401,2015-11-02,0
1402,2015-11-03,882
1403,2015-11-04,1006
1404,2015-11-05,1131
1405,2015-11-06,1074
1406,2015-11-07,385
1407,2015-11-08,0
1408,2015-11-09,879
1409,2015-11-10,1004
1410,2015-11-11,1129
1411,2015-11-12,1254
1412,2015-11-13,1150
1413,2015-11-14,433
1414,2015-11-15,0
1415,2015-11-16,0
1416,2015-11-17,1127
1417,2015-11-18,1251
1418,2015-11-19,1376
1419,2015-11-20,1315
1420,2015-11-21,532
1421,2015-11-22,0
1422,2015-11-23,1124
1423,2015-11-24,1249
1424,2015-11-25,1374
1425,2015-11-26,1499
1426,2015-11-27,1480
1427,2015-11-28,697
1428,2015-11-29,0
1429,2015-11-30,1247
1430,2015-12-01,870
1431,2015-12-02,995
1432,2015-12-03,1137
1433,2015-12-04,1073
1434,2015-12-05,383
1435,2015-12-06,0
1436,2015-12-07,868
1437,2015-12-08,0
1438,2015-12-09,1117
1439,2015-12-10,1242
1440,2015-12-11,1127
1441,2015-12-12,432
1442,2015-12-13,0
1443,2015-12-14,990
1444,2015-12-15,1115
1445,2015-12-16,1240
1446,2015-12-17,1365
1447,2015-12-18,1293
1448,2015-12-19,510
1449,2015-12-20,0
1450,2015-12-21,1113
1451,2015-12-22,1237
1452,2015-12-23,1362
1453,2015-12-24,1487
1454,2015-12-25,0
1455,2015-12-26,675
1456,2015-12-27,0
1457,2015-12-28,1235
1458,2015-12-29,1360
1459,2015-12-30,1485
1460,2015-12-31,1610
1461,2016-01-01,0
1462,2016-01-02,227
1463,2016-01-03,0
1464,2016-01-04,558
1465,2016-01-05,683
1466,2016-01-06,808
1467,2016-01-07,1021
1468,2016-01-08,965
1469,2016-01-09,276
1470,2016-01-10,0
1471,2016-01-11,0
1472,2016-01-12,805
1473,2016-01-13,930
1474,2016-01-14,1055
1475,2016-01-15,1014
1476,2016-01-16,324
1477,2016-01-17,0
1478,2016-01-18,803
1479,2016-01-19,928
1480,2016-01-20,1053
1481,2016-01-21,1178
1482,2016-01-22,1115
1483,2016-01-23,373
1484,2016-01-24,0
1485,2016-01-25,926
1486,2016-01-26,1050
1487,2016-01-27,1175
1488,2016-01-28,1300
1489,2016-01-29,1280
1490,2016-01-30,497
1491,2016-01-31,0
1492,2016-02-01,529
1493,2016-02-02,654
1494,2016-02-03,811
1495,2016-02-04,1029
1496,2016-02-05,957
1497,2016-02-06,267
1498,2016-02-07,0
1499,2016-02-08,651
1500,2016-02-09,776
1501,2016-02-10,901
1502,2016-02-11,1035
1503,2016-02-12,1006
1504,2016-02-13,316
1505,2016-02-14,0
1506,2016-02-15,774
1507,2016-02-16,899
1508,2016-02-17,1024
1509,2016-02-18,1148
1510,2016-02-19,1069
1511,2016-02-20,365
1512,2016-02-21,0
1513,2016-02-22,896
1514,2016-02-23,1021
1515,2016-02-24,1146
1516,2016-02-25,1271
1517,2016-02-26,1234
1518,2016-02-27,451
1519,2016-02-28,0
1520,2016-02-29,1019
1521,2016-03-01,660
1522,2016-03-02,821
1523,2016-03-03,1039
1524,2016-03-04,962
1525,2016-03-05,272
1526,2016-03-06,0
1527,2016-03-07,657
1528,2016-03-08,782
1529,2016-03-09,907
1530,2016-03-10,1045
1531,2016-03-11,1011
1532,2016-03-12,321
1533,2016-03-13,0
1534,2016-03-14,780
1535,2016-03-15,905
1536,2016-03-16,1029
1537,2016-03-17,1154
1538,2016-03-18,1070
1539,2016-03-19,370
1540,2016-03-20,0
1541,2016-03-21,0
1542,2016-03-22,1027
1543,2016-03-23,1152
1544,2016-03-24,0
1545,2016-03-25,0
1546,2016-03-26,452
1547,2016-03-27,0
1548,2016-03-28,1025
1549,2016-03-29,1150
1550,2016-03-30,1274
1551,2016-03-31,1399
1552,2016-04-01,954
1553,2016-04-02,264
1554,2016-04-03,0
1555,2016-04-04,628
1556,2016-04-05,753
1557,2016-04-06,878
1558,2016-04-07,1053
1559,2016-04-08,1002
1560,2016-04-09,312
1561,2016-04-10,0
1562,2016-04-11,751
1563,2016-04-12,875
1564,2016-04-13,1000
1565,2016-04-14,1125
1566,2016-04-15,1051
1567,2016-04-16,361
1568,2016-04-17,0
1569,2016-04-18,873
1570,2016-04-19,998
1571,2016-04-20,1123
1572,2016-04-21,1248
1573,2016-04-22,1189
1574,2016-04-23,410
1575,2016-04-24,0
1576,2016-04-25,996
1577,2016-04-26,1120
1578,2016-04-27,1245
1579,2016-04-28,1370
1580,2016-04-29,1354
1581,2016-04-30,571
1582,2016-05-01,0
1583,2016-05-02,616
1584,2016-05-03,741
1585,2016-05-04,866
1586,2016-05-05,1063
1587,2016-05-06,1001
1588,2016-05-07,311
1589,2016-05-08,0
1590,2016-05-09,0
1591,2016-05-10,864
1592,2016-05-11,989
1593,2016-05-12,1113
1594,2016-05-13,1050
1595,2016-05-14,360
1596,2016-05-15,0
1597,2016-05-16,862
1598,2016-05-17,986
1599,2016-05-18,1111
1600,2016-05-19,1236
1601,2016-05-20,1167
1602,2016-05-21,408
1603,2016-05-22,0
1604,2016-05-23,984
1605,2016-05-24,1109
1606,2016-05-25,1234
1607,2016-05-26,1358
1608,2016-05-27,1332
1609,2016-05-28,549
1610,2016-05-29,0
1611,2016-05-30,0
1612,2016-05-31,1231
1613,2016-06-01,853
1614,2016-06-02,1071
1615,2016-06-03,992
1616,2016-06-04,302
1617,2016-06-05,0
1618,2016-06-06,0
1619,2016-06-07,835
1620,2016-06-08,960
1621,2016-06-09,1084
1622,2016-06-10,1041
1623,2016-06-11,351
1624,2016-06-12,0
1625,2016-06-13,832
1626,2016-06-14,957
1627,2016-06-15,1082
1628,2016-06-16,1207
1629,2016-06-17,1120
1630,2016-06-18,400
1631,2016-06-19,0
1632,2016-06-20,955
1633,2016-06-21,1080
1634,2016-06-22,1205
1635,2016-06-23,1329
1636,2016-06-24,1286
1637,2016-06-25,503
1638,2016-06-26,0
1639,2016-06-27,1077
1640,2016-06-28,1202
1641,2016-06-29,1327
1642,2016-06-30,1452
1643,2016-07-01,990
1644,2016-07-02,300
1645,2016-07-03,0
1646,2016-07-04,0
1647,2016-07-05,823
1648,2016-07-06,948
1649,2016-07-07,1086
1650,2016-07-08,1039
1651,2016-07-09,349
1652,2016-07-10,0
1653,2016-07-11,821
1654,2016-07-12,946
1655,2016-07-13,1070
1656,2016-07-14,1195
1657,2016-07-15,1098
1658,2016-07-16,398
1659,2016-07-17,0
1660,2016-07-18,943
1661,2016-07-19,1068
1662,2016-07-20,0
1663,2016-07-21,1318
1664,2016-07-22,1263
1665,2016-07-23,480
1666,2016-07-24,0
1667,2016-07-25,1066
1668,2016-07-26,1191
1669,2016-07-27,1315
1670,2016-07-28,1440
1671,2016-07-29,1428
1672,2016-07-30,645
1673,2016-07-31,0
1674,2016-08-01,669
1675,2016-08-02,794
1676,2016-08-03,919
1677,2016-08-04,1094
1678,2016-08-05,1031
1679,2016-08-06,341
1680,2016-08-07,0
1681,2016-08-08,792
1682,2016-08-09,916
1683,2016-08-10,1041
1684,2016-08-11,1166
1685,2016-08-12,1079
1686,2016-08-13,390
1687,2016-08-14,0
1688,2016-08-15,0
1689,2016-08-16,1039
1690,2016-08-17,1164
1691,2016-08-18,1289
1692,2016-08-19,1217
1693,2016-08-20,438
1694,2016-08-21,0
1695,2016-08-22,1037
1696,2016-08-23,1161
1697,2016-08-24,1286
1698,2016-08-25,1411
1699,2016-08-26,1382
1700,2016-08-27,599
1701,2016-08-28,0
1702,2016-08-29,1159
1703,2016-08-30,1284
1704,2016-08-31,1409
1705,2016-09-01,1103
1706,2016-09-02,1022
1707,2016-09-03,332
1708,2016-09-04,0
1709,2016-09-05,762
1710,2016-09-06,887
1711,2016-09-07,1012
1712,2016-09-08,1137
1713,2016-09-09,1071
1714,2016-09-10,381
1715,2016-09-11,0
1716,2016-09-12,885
1717,2016-09-13,1010
1718,2016-09-14,1135
1719,2016-09-15,1259
1720,2016-09-16,1171
1721,2016-09-17,430
1722,2016-09-18,0
1723,2016-09-19,1007
1724,2016-09-20,1132
1725,2016-09-21,1257
1726,2016-09-22,1382
1727,2016-09-23,1336
1728,2016-09-24,553
1729,2016-09-25,0
1730,2016-09-26,1130
1731,2016-09-27,1255
1732,2016-09-28,1380
1733,2016-09-29,1504
1734,2016-09-30,1501
1735,2016-10-01,330
1736,2016-10-02,0
1737,2016-10-03,751
1738,2016-10-04,876
1739,2016-10-05,1000
1740,2016-10-06,1125
1741,2016-10-07,1069
1742,2016-10-08,379
1743,2016-10-09,0
1744,2016-10-10,873
1745,2016-10-11,998
1746,2016-10-12,1123
1747,2016-10-13,1248
1748,2016-10-14,1149
1749,2016-10-15,428
1750,2016-10-16,0
1751,2016-10-17,0
1752,2016-10-18,1121
1753,2016-10-19,1245
1754,2016-10-20,1370
1755,2016-10-21,1314
1756,2016-10-22,531
1757,2016-10-23,0
1758,2016-10-24,1118
1759,2016-10-25,1243
1760,2016-10-26,1368
1761,2016-10-27,1493
1762,2016-10-28,1479
1763,2016-10-29,696
1764,2016-10-30,0
1765,2016-10-31,1241
1766,2016-11-01,847
1767,2016-11-02,971
1768,2016-11-03,1126
1769,2016-11-04,1061
1770,2016-11-05,371
1771,2016-11-06,0
1772,2016-11-07,0
1773,2016-11-08,969
1774,2016-11-09,1094
1775,2016-11-10,1219
1776,2016-11-11,1109
1777,2016-11-12,419
1778,2016-11-13,0
1779,2016-11-14,0
1780,2016-11-15,1092
1781,2016-11-16,1216
1782,2016-11-17,1341
1783,2016-11-18,1268
1784,2016-11-19,485
1785,2016-11-20,0
1786,2016-11-21,1089
1787,2016-11-22,1214
1788,2016-11-23,1339
1789,2016-11-24,1464
1790,2016-11-25,1433
1791,2016-11-26,650
1792,2016-11-27,0
1793,2016-11-28,1212
1794,2016-11-29,1337
1795,2016-11-30,1461
1796,2016-12-01,1135
1797,2016-12-02,1059
1798,2016-12-03,369
1799,2016-12-04,0
1800,2016-12-05,833
1801,2016-12-06,957
1802,2016-12-07,1082
1803,2016-12-08,0
1804,2016-12-09,1108
1805,2016-12-10,418
1806,2016-12-11,0
1807,2016-12-12,955
1808,2016-12-13,1080
1809,2016-12-14,1205
1810,2016-12-15,1330
1811,2016-12-16,1245
1812,2016-12-17,467
1813,2016-12-18,0
1814,2016-12-19,1078
1815,2016-12-20,1202
1816,2016-12-21,1327
1817,2016-12-22,1452
1818,2016-12-23,1411
1819,2016-12-24,628
1820,2016-12-25,0
1821,2016-12-26,1200
1822,2016-12-27,1325
1823,2016-12-28,1450
1824,2016-12-29,1575
1825,2016-12-30,1576
1826,2016-12-31,793
1827,2017-01-01,0
1828,2017-01-02,523
1829,2017-01-03,648
1830,2017-01-04,801
1831,2017-01-05,1019
1832,2017-01-06,952
1833,2017-01-07,262
1834,2017-01-08,0
1835,2017-01-09,0
1836,2017-01-10,770
1837,2017-01-11,895
1838,2017-01-12,1025
1839,2017-01-13,1000
1840,2017-01-14,310
1841,2017-01-15,0
1842,2017-01-16,768
1843,2017-01-17,893
1844,2017-01-18,1018
1845,2017-01-19,1143
1846,2017-01-20,1067
1847,2017-01-21,359
1848,2017-01-22,0
1849,2017-01-23,891
1850,2017-01-24,1015
1851,2017-01-25,1140
1852,2017-01-26,1265
1853,2017-01-27,1233
1854,2017-01-28,450
1855,2017-01-29,0
1856,2017-01-30,1013
1857,2017-01-31,1138
1858,2017-02-01,809
1859,2017-02-02,1027
1860,2017-02-03,943
1861,2017-02-04,253
1862,2017-02-05,0
1863,2017-02-06,616
1864,2017-02-07,741
1865,2017-02-08,866
1866,2017-02-09,1033
1867,2017-02-10,992
1868,2017-02-11,302
1869,2017-02-12,0
1870,2017-02-13,739
1871,2017-02-14,864
1872,2017-02-15,989
1873,2017-02-16,1113
1874,2017-02-17,1041
1875,2017-02-18,351
1876,2017-02-19,0
1877,2017-02-20,861
1878,2017-02-21,986
1879,2017-02-22,1111
1880,2017-02-23,1236
1881,2017-02-24,1187
1882,2017-02-25,404
1883,2017-02-26,0
1884,2017-02-27,984
1885,2017-02-28,1109
1886,2017-03-01,820
1887,2017-03-02,1038
1888,2017-03-03,955
1889,2017-03-04,265
1890,2017-03-05,0
1891,2017-03-06,640
1892,2017-03-07,765
1893,2017-03-08,889
1894,2017-03-09,1044
1895,2017-03-10,1004
1896,2017-03-11,314
1897,2017-03-12,0
1898,2017-03-13,762
1899,2017-03-14,887
1900,2017-03-15,1012
1901,2017-03-16,1137
1902,2017-03-17,1053
1903,2017-03-18,363
1904,2017-03-19,0
1905,2017-03-20,0
1906,2017-03-21,1010
1907,2017-03-22,1134
1908,2017-03-23,1259
1909,2017-03-24,1211
1910,2017-03-25,428
1911,2017-03-26,0
1912,2017-03-27,1007
1913,2017-03-28,1132
1914,2017-03-29,1257
1915,2017-03-30,1382
1916,2017-03-31,1377
1917,2017-04-01,257
1918,2017-04-02,0
1919,2017-04-03,611
1920,2017-04-04,735
1921,2017-04-05,860
1922,2017-04-06,1052
1923,2017-04-07,995
1924,2017-04-08,305
1925,2017-04-09,0
1926,2017-04-10,733
1927,2017-04-11,858
1928,2017-04-12,983
1929,2017-04-13,0
1930,2017-04-14,0
1931,2017-04-15,354
1932,2017-04-16,0
1933,2017-04-17,856
1934,2017-04-18,980
1935,2017-04-19,1105
1936,2017-04-20,1230
1937,2017-04-21,1165
1938,2017-04-22,403
1939,2017-04-23,0
1940,2017-04-24,978
1941,2017-04-25,1103
1942,2017-04-26,1228
1943,2017-04-27,1353
1944,2017-04-28,1331
1945,2017-04-29,548
1946,2017-04-30,0
1947,2017-05-01,0
1948,2017-05-02,724
1949,2017-05-03,849
1950,2017-05-04,1062
1951,2017-05-05,994
1952,2017-05-06,304
1953,2017-05-07,0
1954,2017-05-08,721
1955,2017-05-09,846
1956,2017-05-10,971
1957,2017-05-11,1096
1958,2017-05-12,1043
1959,2017-05-13,353
1960,2017-05-14,0
1961,2017-05-15,844
1962,2017-05-16,969
1963,2017-05-17,1094
1964,2017-05-18,1218
1965,2017-05-19,1143
1966,2017-05-20,401
1967,2017-05-21,0
1968,2017-05-22,967
1969,2017-05-23,1091
1970,2017-05-24,1216
1971,2017-05-25,1341
1972,2017-05-26,1308
1973,2017-05-27,525
1974,2017-05-28,0
1975,2017-05-29,0
1976,2017-05-30,1214
1977,2017-05-31,1339
1978,2017-06-01,1070
1979,2017-06-02,985
1980,2017-06-03,295
1981,2017-06-04,0
1982,2017-06-05,692
1983,2017-06-06,817
1984,2017-06-07,942
1985,2017-06-08,1076
1986,2017-06-09,1034
1987,2017-06-10,344
1988,2017-06-11,0
1989,2017-06-12,815
1990,2017-06-13,940
1991,2017-06-14,1065
1992,2017-06-15,1189
1993,2017-06-16,1097
1994,2017-06-17,393
1995,2017-06-18,0
1996,2017-06-19,0
1997,2017-06-20,1062
1998,2017-06-21,1187
1999,2017-06-22,1312
2000,2017-06-23,1262
2001,2017-06-24,479
2002,2017-06-25,0
2003,2017-06-26,0
2004,2017-06-27,1185
2005,2017-06-28,1310
2006,2017-06-29,1434
2007,2017-06-30,1427
2008,2017-07-01,294
2009,2017-07-02,0
2010,2017-07-03,0
2011,2017-07-04,806
2012,2017-07-05,930
2013,2017-07-06,1085
2014,2017-07-07,1032
2015,2017-07-08,342
2016,2017-07-09,0
2017,2017-07-10,803
2018,2017-07-11,928
2019,2017-07-12,1053
2020,2017-07-13,1178
2021,2017-07-14,1081
2022,2017-07-15,391
2023,2017-07-16,0
2024,2017-07-17,926
2025,2017-07-18,1051
2026,2017-07-19,1175
2027,2017-07-20,0
2028,2017-07-21,1240
2029,2017-07-22,457
2030,2017-07-23,0
2031,2017-07-24,1048
2032,2017-07-25,1173
2033,2017-07-26,1298
2034,2017-07-27,1423
2035,2017-07-28,1405
2036,2017-07-29,622
2037,2017-07-30,0
2038,2017-07-31,1171
2039,2017-08-01,776
2040,2017-08-02,901
2041,2017-08-03,1093
2042,2017-08-04,1024
2043,2017-08-05,334
2044,2017-08-06,0
2045,2017-08-07,0
2046,2017-08-08,899
2047,2017-08-09,1024
2048,2017-08-10,1149
2049,2017-08-11,1072
2050,2017-08-12,383
2051,2017-08-13,0
2052,2017-08-14,897
2053,2017-08-15,1021
2054,2017-08-16,1146
2055,2017-08-17,1271
2056,2017-08-18,1194
2057,2017-08-19,431
2058,2017-08-20,0
2059,2017-08-21,0
2060,2017-08-22,1144
2061,2017-08-23,1269
2062,2017-08-24,1394
2063,2017-08-25,1359
2064,2017-08-26,576
2065,2017-08-27,0
2066,2017-08-28,1142
2067,2017-08-29,1266
2068,2017-08-30,1391
2069,2017-08-31,1516
2070,2017-09-01,1015
2071,2017-09-02,325
2072,2017-09-03,0
2073,2017-09-04,745
2074,2017-09-05,870
2075,2017-09-06,995
2076,2017-09-07,1119
2077,2017-09-08,1064
2078,2017-09-09,374
2079,2017-09-10,0
2080,2017-09-11,867
2081,2017-09-12,992
2082,2017-09-13,1117
2083,2017-09-14,1242
2084,2017-09-15,1148
2085,2017-09-16,423
2086,2017-09-17,0
2087,2017-09-18,990
2088,2017-09-19,1115
2089,2017-09-20,1240
2090,2017-09-21,1364
2091,2017-09-22,1313
2092,2017-09-23,530
2093,2017-09-24,0
2094,2017-09-25,1112
2095,2017-09-26,1237
2096,2017-09-27,1362
2097,2017-09-28,1487
2098,2017-09-29,1478
2099,2017-09-30,695
2100,2017-10-01,0
2101,2017-10-02,733
2102,2017-10-03,858
2103,2017-10-04,983
2104,2017-10-05,1117
2105,2017-10-06,1062
2106,2017-10-07,372
2107,2017-10-08,0
2108,2017-10-09,856
2109,2017-10-10,981
2110,2017-10-11,1105
2111,2017-10-12,1230
2112,2017-10-13,1125
2113,2017-10-14,421
2114,2017-10-15,0
2115,2017-10-16,0
2116,2017-10-17,1103
2117,2017-10-18,1228
2118,2017-10-19,1353
2119,2017-10-20,1290
2120,2017-10-21,507
2121,2017-10-22,0
2122,2017-10-23,1101
2123,2017-10-24,1226
2124,2017-10-25,1350
2125,2017-10-26,1475
2126,2017-10-27,1455
2127,2017-10-28,673
2128,2017-10-29,0
2129,2017-10-30,1223
2130,2017-10-31,1348
2131,2017-11-01,954
2132,2017-11-02,1125
2133,2017-11-03,1054
2134,2017-11-04,364
2135,2017-11-05,0
2136,2017-11-06,0
2137,2017-11-07,952
2138,2017-11-08,1076
2139,2017-11-09,1201
2140,2017-11-10,1102
2141,2017-11-11,412
2142,2017-11-12,0
2143,2017-11-13,0
2144,2017-11-14,1074
2145,2017-11-15,1199
2146,2017-11-16,1324
2147,2017-11-17,1244
2148,2017-11-18,461
2149,2017-11-19,0
2150,2017-11-20,1072
2151,2017-11-21,1197
2152,2017-11-22,1321
2153,2017-11-23,1446
2154,2017-11-24,1409
2155,2017-11-25,626
2156,2017-11-26,0
2157,2017-11-27,1194
2158,2017-11-28,1319
2159,2017-11-29,1444
2160,2017-11-30,1569
2161,2017-12-01,1052
2162,2017-12-02,362
2163,2017-12-03,0
2164,2017-12-04,815
2165,2017-12-05,940
2166,2017-12-06,1065
2167,2017-12-07,1190
2168,2017-12-08,0
2169,2017-12-09,411
2170,2017-12-10,0
2171,2017-12-11,938
2172,2017-12-12,1062
2173,2017-12-13,1187
2174,2017-12-14,1312
2175,2017-12-15,1222
2176,2017-12-16,460
2177,2017-12-17,0
2178,2017-12-18,1060
2179,2017-12-19,1185
2180,2017-12-20,1310
2181,2017-12-21,1435
2182,2017-12-22,1387
2183,2017-12-23,604
2184,2017-12-24,0
2185,2017-12-25,0
2186,2017-12-26,1307
2187,2017-12-27,1432
2188,2017-12-28,1557
2189,2017-12-29,1552
2190,2017-12-30,769
2191,2017-12-31,0
